,HSE,DHFR,IMDB,p53,REDDIT,AIDS,Proteins_full,MMP
GraphSage,5.8,0.3,5.8,5.8,5.8,0.3,2.8,5.8
GAT,5.5,2.5,5.5,5.5,5.5,2.6,4.2,5.5
GCN,2.7,1.2,2.7,2.7,2.7,1.2,2,2.7
iGAD,24.7,18.2,None,24.2,None,18.3,21.5,24.2
HimNet,632,602,666,662,4200,617,1200,652
TUAF,581,579,None,577,None,564,528,577
GLocalKD,790,792,790,790,790,793,818,790
MssGAD,230.8,230.8,230.8,230.8,230.8,230.7,230.8,230.8
OCGIN,17.3,17.3,20,17.2,15.7,17.8,15.7,17.2
OCGTL,104,104,120,103,94,101,94,103
GSN,1.00,1.00,1.00,1.00,1.00,1.00,1.00,1.00
RQGNN,163.98,18.4,None,146.8,None,17.46,15.04,142.66
GLADPro,620.0,593.9,592.9,618.0,592.9,594.4,41.2,618.0
XGAD,28.4,28.6,25.0,28.2,25.0,27.7,27.1,28.2
AG-RWNN,17.4,19.5,11.0,35.7,3.3,13.0,25.8,28.4