,HSE,DHFR,IMDB,p53,Reddit,AIDS,Proteins_full,MMP
GraphSage,0.507,8.172,4.240,0.450,2.210,2.721,4.651,0.557
GAT,0.419,6.665,3.455,0.437,2.010,2.251,4.416,0.460
GCN,0.415,7.133,3.699,0.413,1.911,2.300,4.750,0.472
iGAD,0.057,0.392,N/A,0.052,N/A,0.357,0.232,0.062
HimNet,1.009,5.575,2.644,0.286,0.029,1.546,0.646,0.363
TUAF,0.497,8.785,N/A,0.410,N/A,2.597,0.255,0.465
GLocalKD,0.431,7.179,6.768,0.359,0.030,2.231,0.650,0.461
MssGAD,0.015,0.686,0.601,0.013,0.003,0.083,0.085,0.018
OCGIN,7.363,36.423,37.892,6.443,23.945,36.611,18.457,2.723
OCGTL,1.663,6.861,6.845,1.218,5.238,6.724,3.585,0.678
GSN,0.601,9.945,9.977,0.580,3.195,2.433,0.580,0.714
RQGNN,0.095,1.417,N/A,0.090,N/A,0.435,0.917,0.096
GLADPro,0.266,3.659,3.137,0.256,0.955,1.343,2.359,0.329
XGAD,0.030,0.436,0.411,0.028,0.180,0.148,0.286,0.033
AG-RWNN,0.422,4.508,4.447,0.399,1.584,1.459,2.683,0.333